,s1_distance,s1_disturbance,s2_distance,s2_disturbance,s3_distance,s3_disturbance,age,YV_G_GFI,YV_G_GFT,YV_G_GR,YV_G_GF
Mean,13.520666908977569,3.5665652626771838,17.70523051263058,9.061543804846679,9.378867439825852,13.923877470905431,13.656414318108515,11.468688083794309,6.771234217901422,43.379854984255935,18.239922312414578
Var,164.79080896543073,17.332200919982032,292.35564936415864,43.759529990756334,259.83892857095896,30.145038483299796,169.96651456952603,613.4764244898677,830.0654771310644,3183.71457639714,1608.006016959076
