,s1_distance,s1_disturbance,s2_distance,s2_disturbance,s3_distance,s3_disturbance,source_age,source_YV_G_GFI,source_YV_G_GFT,source_YV_G_GR,source_YV_G_GF,target_distance,target_disturbance,target_age,target_YV_G_GFI,target_YV_G_GFT,target_YV_G_GR,target_YV_G_GF
Mean,13.56087863784579,3.6453425055382285,17.17154947972798,9.251624887825159,8.59320198910657,14.049647112669481,13.681968099113416,11.53526747351658,6.813596033667939,43.443749253978346,18.348863520293257,0.9383477468098991,15.126847543952954,13.636552530588045,11.400062917784878,6.7364418607005305,43.325813016063066,18.136504787969287
Var,163.94096791707864,17.625335370164503,296.98837504431464,43.88432573060928,254.3553477230611,29.236555561298896,170.15680677444553,624.1651481104794,836.828988821344,3144.2514922551904,1626.6554956836535,0.05785125355937714,12.025921733886495,169.926613226347,602.9208392746668,824.7985691804867,3219.2981245449473,1591.10149921325
